year,subject,level,position,school_id,school_name,slug,city,voivodeship,score,voivodeship_position,voivodeship_total,is_public
2021,chemistry,rozszerzony,1,019c23dc-2668-7cf6-9536-25ec03b8c5be,III LICEUM OGÓLNOKSZTAŁCĄCE Z ODDZ. DWUJĘZYCZNYMI IM. MARYNARKI WOJENNEJ RP,gdynia/liceum-ogolnoksztalcace/iii-liceum-ogolnoksztalcace-z-oddz-dwujezycznymi-im-marynarki-wojennej-rp-29583,Gdynia,POMORSKIE,77.34,1,67,True
2021,chemistry,rozszerzony,2,019c23e1-616e-74f1-adca-e1dedd7eaa21,GDAŃSKIE SZKOŁY AUTONOMICZNE GDAŃSKIE LICEUM AUTONOMICZNE,gdansk/liceum-ogolnoksztalcace/gdanskie-szkoly-autonomiczne-gdanskie-liceum-autonomiczne-86002,Gdańsk,POMORSKIE,72.25,2,67,False
2021,chemistry,rozszerzony,3,019c23d8-ae37-7bc1-a2a8-f92b0f783fb8,V LICEUM OGÓLNOKSZTAŁCĄCE IM. STEFANA ŻEROMSKIEGO W GDAŃSKU,gdansk/liceum-ogolnoksztalcace/v-liceum-ogolnoksztalcace-im-stefana-zeromskiego-w-gdansku-7051,Gdańsk,POMORSKIE,64.41,3,67,True
2021,chemistry,rozszerzony,4,019c23a3-560a-7f50-9455-d335ba48b0d2,X LICEUM OGÓLNOKSZTAŁCĄCE IM. GDYŃSKICH NAUCZYCIELI BOHATERÓW II WOJNY ŚWIATOWEJ,gdynia/liceum-ogolnoksztalcace/x-liceum-ogolnoksztalcace-im-gdynskich-nauczycieli-bohaterow-ii-wojny-swiatowej-3620,Gdynia,POMORSKIE,63.55,4,67,True
2021,chemistry,rozszerzony,5,019c23d8-b1fe-75d8-acac-8d2487fd86af,III LICEUM OGÓLNOKSZTAŁCĄCE Z ODDZIAŁAMI DWUJĘZYCZNYMI IM. BOHATERÓW WESTERPLATTE W GDAŃSKU,gdansk/liceum-ogolnoksztalcace/iii-liceum-ogolnoksztalcace-z-oddzialami-dwujezycznymi-im-bohaterow-westerplatte-w-gdansku-7099,Gdańsk,POMORSKIE,61.48,5,67,True
2021,chemistry,rozszerzony,6,019c23a3-5615-78cb-abcc-4d7104553fe0,VI LICEUM OGÓLNOKSZTAŁCĄCE IM. WACŁAWA SIERPIŃSKIEGO,gdynia/liceum-ogolnoksztalcace/vi-liceum-ogolnoksztalcace-im-waclawa-sierpinskiego-3640,Gdynia,POMORSKIE,56.15,9,67,True
2021,chemistry,rozszerzony,7,019c23d8-cacf-7d04-b631-09a030bf5a2c,I LICEUM OGÓLNOKSZTAŁCĄCE IM. MIKOŁAJA KOPERNIKA W GDAŃSKU,gdansk/liceum-ogolnoksztalcace/i-liceum-ogolnoksztalcace-im-mikolaja-kopernika-w-gdansku-7753,Gdańsk,POMORSKIE,51.74,10,67,True
2021,chemistry,rozszerzony,8,019c23e0-37ae-7ea3-9fbf-da9c7dee8e1a,II LICEUM OGÓLNOKSZTAŁCĄCE IM. DR. WŁADYSŁAWA PNIEWSKIEGO W GDAŃSKU,gdansk/liceum-ogolnoksztalcace/ii-liceum-ogolnoksztalcace-im-dr-wladyslawa-pniewskiego-w-gdansku-74772,Gdańsk,POMORSKIE,50.78,11,67,True
2021,chemistry,rozszerzony,9,019c23d8-a94f-7be1-9898-adc018e38fc9,XX LICEUM OGÓLNOKSZTAŁCĄCE Z ODDZIAŁAMI DWUJĘZYCZNYMI IM. ZBIGNIEWA HERBERTA W GDAŃSKU,gdansk/liceum-ogolnoksztalcace/zespol-szkol-ogolnoksztalcacych-nr-12-xx-liceum-ogolnoksztalcace-z-oddzialami-dwujezycznymi-im-zbigniewa-herberta-w-gdansku-6968,Gdańsk,POMORSKIE,50.29,12,67,True
2021,chemistry,rozszerzony,10,019c23dc-6645-7e40-85b7-27f86cbc5d5e,KATOLICKIE LICEUM OGÓLNOKSZTAŁCĄCE IM. ŚW. JANA PAWŁA II W GDYNI,gdynia/liceum-ogolnoksztalcace/katolickie-liceum-ogolnoksztalcace-im-sw-jana-pawla-ii-w-gdyni-31207,Gdynia,POMORSKIE,48.87,15,67,True
2021,chemistry,rozszerzony,11,019c23d9-4d0f-7ef0-868b-44892ed81157,VIII LICEUM OGÓLNOKSZTAŁCĄCE IM. KOMISJI EDUKACJI NARODOWEJ W GDAŃSKU,gdansk/liceum-ogolnoksztalcace/viii-liceum-ogolnoksztalcace-im-komisji-edukacji-narodowej-w-gdansku-11182,Gdańsk,POMORSKIE,48.33,16,67,True
2021,chemistry,rozszerzony,12,019c23db-377c-75c2-9891-7d0c9cfefc2b,II LICEUM OGÓLNOKSZTAŁCĄCE Z ODDZIAŁAMI DWUJĘZYCZNYMI IM. ADAMA MICKIEWICZA,gdynia/liceum-ogolnoksztalcace/ii-liceum-ogolnoksztalcace-z-oddzialami-dwujezycznymi-im-adama-mickiewicza-23199,Gdynia,POMORSKIE,36.63,22,67,True
2021,chemistry,rozszerzony,13,019c23d9-4d0c-7036-bb0c-c4296cb32b21,ZESPÓŁ SZKÓŁ OGÓLNOKSZTAŁCĄCYCH NR 2 XXIV LICEUM OGÓLNOKSZTAŁCĄCE IM. STEFANA BANACHA W GDAŃSKU,gdansk/liceum-ogolnoksztalcace/zespol-szkol-ogolnoksztalcacych-nr-2-xxiv-liceum-ogolnoksztalcace-im-stefana-banacha-w-gdansku-11174,Gdańsk,POMORSKIE,35,24,67,True
2021,chemistry,rozszerzony,14,019c23d9-4d0f-7ef0-868b-44892d94e2f2,ZESPÓŁ SZKÓŁ OGÓLNOKSZTAŁCĄCYCH NR 1 IX LICEUM OGÓLNOKSZTAŁCĄCE IM. KRZYSZTOFA KOLBERGERA W GDAŃSKU,gdansk/liceum-ogolnoksztalcace/zespol-szkol-ogolnoksztalcacych-nr-1-ix-liceum-ogolnoksztalcace-im-krzysztofa-kolbergera-w-gdansku-11181,Gdańsk,POMORSKIE,30.29,29,67,True
2021,chemistry,rozszerzony,15,019c23d8-a94a-7758-bba6-59d67f1da167,XIX LICEUM OGÓLNOKSZTAŁCĄCE IM. MARIANA MOKWY W GDAŃSKU,gdansk/liceum-ogolnoksztalcace/xix-liceum-ogolnoksztalcace-im-mariana-mokwy-w-gdansku-6954,Gdańsk,POMORSKIE,26.19,36,67,True
2021,chemistry,rozszerzony,16,019c23e6-684c-7a8a-9df3-393682b13dce,X LICEUM OGÓLNOKSZTAŁCĄCE DWUJĘZYCZNE IM. LECHA BĄDKOWSKIEGO W GDAŃSKU,gdansk/liceum-ogolnoksztalcace/x-liceum-ogolnoksztalcace-dwujezyczne-im-lecha-badkowskiego-w-gdansku-262211,Gdańsk,POMORSKIE,24.91,37,67,True
2021,chemistry,rozszerzony,17,019c23da-8981-7b25-9261-e24d871a0c6d,XIV LICEUM OGÓLNOKSZTAŁCĄCE Z ODDZIAŁAMI DWUJĘZYCZNYMI IM. MIKOŁAJA KOPERNIKA W GDYNI,gdynia/liceum-ogolnoksztalcace/xiv-liceum-ogolnoksztalcace-z-oddzialami-dwujezycznymi-im-mikolaja-kopernika-w-gdyni-18942,Gdynia,POMORSKIE,23.08,43,67,True
2021,chemistry,rozszerzony,18,019c23a3-5e8a-7225-b133-a53baf2bca13,IX LICEUM OGÓLNOKSZTAŁCĄCE IM. MARSZAŁKA JÓZEFA PIŁSUDSKIEGO,gdynia/liceum-ogolnoksztalcace/ix-liceum-ogolnoksztalcace-im-marszalka-jozefa-pilsudskiego-3957,Gdynia,POMORSKIE,22.38,45,67,True
2021,chemistry,rozszerzony,19,019c23c2-580b-7835-9e2f-61dcc854cebd,OGÓLNOKSZTAŁCĄCE LICEUM JEZUITÓW Z ODDZIAŁAMI DWUJĘZYCZNYMI IM ŚW. STANISŁAWA KOSTKI W GDYNI,gdynia/liceum-ogolnoksztalcace/ogolnoksztalcace-liceum-jezuitow-z-oddzialami-dwujezycznymi-im-sw-stanislawa-kostki-w-gdyni-6128,Gdynia,POMORSKIE,22,46,67,False
2021,chemistry,rozszerzony,20,019c23dd-3a9d-76f5-830d-79a0b5935977,"AKADEMICKIE LICEUM OGÓLNOKSZTAŁCĄCE ""LINGWISTA"" IM. HYMNU NARODOWEGO",gdansk/liceum-ogolnoksztalcace/akademickie-liceum-ogolnoksztalcace-lingwista-im-hymnu-narodowego-43407,Gdańsk,POMORSKIE,21.29,48,67,False
2021,chemistry,rozszerzony,21,019c23a3-6389-77b0-bbab-b575b9909f02,I AKADEMICKIE LICEUM OGÓLNOKSZTAŁCĄCE IM. ZASŁUŻONYCH LUDZI MORZA,gdynia/liceum-ogolnoksztalcace/i-akademickie-liceum-ogolnoksztalcace-im-zasluzonych-ludzi-morza-4045,Gdynia,POMORSKIE,21.1,49,67,True
2021,chemistry,rozszerzony,22,019c23d8-d32e-7359-a061-3acf1e0b89c3,ZESPÓŁ SZKÓŁ OGÓLNOKSZTAŁCĄCYCH NR 7 VII LICEUM OGÓLNOKSZTAŁCĄCE IM. JÓZEFA WYBICKIEGO W GDAŃSKU,gdansk/liceum-ogolnoksztalcace/zespol-szkol-ogolnoksztalcacych-nr-7-vii-liceum-ogolnoksztalcace-im-jozefa-wybickiego-w-gdansku-7982,Gdańsk,POMORSKIE,20.17,51,67,True
2021,chemistry,rozszerzony,23,019c23d9-f4c1-72b6-a67a-da8c66f48adb,CENTRUM KSZTAŁCENIA ZAWODOWEGO I USTAWICZNEGO NR 2 TECHNIKUM NR 8 W GDAŃSKU,gdansk/technikum/centrum-ksztalcenia-zawodowego-i-ustawicznego-nr-2-technikum-nr-8-w-gdansku-15302,Gdańsk,POMORSKIE,17.67,53,67,True
2021,chemistry,rozszerzony,24,019c23d9-6673-780a-b5ca-50d0fb5aeca4,TECHNIKUM TEB EDUKACJA W GDAŃSKU,gdansk/technikum/technikum-teb-edukacja-w-gdansku-11821,Gdańsk,POMORSKIE,15.36,54,67,False
2021,chemistry,rozszerzony,25,019c23d9-f4c0-712c-8c74-3454772e219d,ZESPÓŁ SZKÓŁ OGÓLNOKSZTAŁCĄCYCH NR 8 IM. W GDAŃSKU - XIV LICEUM OGÓLNOKSZTAŁCĄCE IM. JANA PAWŁA II,gdansk/liceum-ogolnoksztalcace/zespol-szkol-ogolnoksztalcacych-nr-8-im-w-gdansku-xiv-liceum-ogolnoksztalcace-im-jana-pawla-ii-15300,Gdańsk,POMORSKIE,14.89,55,67,True
2021,chemistry,rozszerzony,26,019c23da-6f34-7ee2-b2af-76fcc5140265,IV LICEUM OGÓLNOKSZTAŁCĄCE Z ODDZIAŁAMI MISTRZOSTWA SPORTOWEGO IM. MARYNARZY WOJSK OCHRONY POGRANICZA W GDAŃSKU,gdansk/liceum-ogolnoksztalcace/iv-liceum-ogolnoksztalcace-z-oddzialami-mistrzostwa-sportowego-im-marynarzy-wojsk-ochrony-pogranicza-w-gdansku-18356,Gdańsk,POMORSKIE,13.6,58,67,True
2021,chemistry,rozszerzony,27,019c23d8-a940-7b2e-9a33-c0ed54ec5110,XV LICEUM OGÓLNOKSZTAŁCĄCE Z ODDZIAŁAMI DWUJĘZYCZNYMI IM. ZJEDNOCZONEJ EUROPY W GDAŃSKU,gdansk/liceum-ogolnoksztalcace/xv-liceum-ogolnoksztalcace-z-oddzialami-dwujezycznymi-im-zjednoczonej-europy-w-gdansku-6934,Gdańsk,POMORSKIE,12.86,60,67,True
2021,chemistry,rozszerzony,28,019c23d9-6659-7852-9cd9-4401dc0988d6,TECHNIKUM GASTRONOMICZNE,gdynia/technikum/technikum-gastronomiczne-11768,Gdynia,POMORSKIE,6.86,66,67,True
2021,chemistry,rozszerzony,29,019c23db-9e95-7f98-90d3-da4885c55e9f,V LICEUM OGÓLNOKSZTAŁCĄCE IM.PŁK.STANISŁAWA DĄBKA,gdynia/liceum-ogolnoksztalcace/v-liceum-ogolnoksztalcace-im-plk-stanislawa-dabka-25697,Gdynia,POMORSKIE,4.4,67,67,True
2022,chemistry,rozszerzony,1,019c23d8-ae37-7bc1-a2a8-f92b0f783fb8,V LICEUM OGÓLNOKSZTAŁCĄCE IM. STEFANA ŻEROMSKIEGO W GDAŃSKU,gdansk/liceum-ogolnoksztalcace/v-liceum-ogolnoksztalcace-im-stefana-zeromskiego-w-gdansku-7051,Gdańsk,POMORSKIE,74.86,1,69,True
2022,chemistry,rozszerzony,2,019c23e1-616e-74f1-adca-e1dedd7eaa21,GDAŃSKIE SZKOŁY AUTONOMICZNE GDAŃSKIE LICEUM AUTONOMICZNE,gdansk/liceum-ogolnoksztalcace/gdanskie-szkoly-autonomiczne-gdanskie-liceum-autonomiczne-86002,Gdańsk,POMORSKIE,71.39,2,69,False
2022,chemistry,rozszerzony,3,019c23dc-2668-7cf6-9536-25ec03b8c5be,III LICEUM OGÓLNOKSZTAŁCĄCE Z ODDZ. DWUJĘZYCZNYMI IM. MARYNARKI WOJENNEJ RP,gdynia/liceum-ogolnoksztalcace/iii-liceum-ogolnoksztalcace-z-oddz-dwujezycznymi-im-marynarki-wojennej-rp-29583,Gdynia,POMORSKIE,68.06,4,69,True
2022,chemistry,rozszerzony,4,019c23d8-b1fe-75d8-acac-8d2487fd86af,III LICEUM OGÓLNOKSZTAŁCĄCE Z ODDZIAŁAMI DWUJĘZYCZNYMI IM. BOHATERÓW WESTERPLATTE W GDAŃSKU,gdansk/liceum-ogolnoksztalcace/iii-liceum-ogolnoksztalcace-z-oddzialami-dwujezycznymi-im-bohaterow-westerplatte-w-gdansku-7099,Gdańsk,POMORSKIE,63.64,5,69,True
2022,chemistry,rozszerzony,5,019c23d9-4d0f-7ef0-868b-44892ed81157,VIII LICEUM OGÓLNOKSZTAŁCĄCE IM. KOMISJI EDUKACJI NARODOWEJ W GDAŃSKU,gdansk/liceum-ogolnoksztalcace/viii-liceum-ogolnoksztalcace-im-komisji-edukacji-narodowej-w-gdansku-11182,Gdańsk,POMORSKIE,54.11,6,69,True
2022,chemistry,rozszerzony,6,019c23d8-a94f-7be1-9898-adc018e38fc9,XX LICEUM OGÓLNOKSZTAŁCĄCE Z ODDZIAŁAMI DWUJĘZYCZNYMI IM. ZBIGNIEWA HERBERTA W GDAŃSKU,gdansk/liceum-ogolnoksztalcace/zespol-szkol-ogolnoksztalcacych-nr-12-xx-liceum-ogolnoksztalcace-z-oddzialami-dwujezycznymi-im-zbigniewa-herberta-w-gdansku-6968,Gdańsk,POMORSKIE,53.09,7,69,True
2022,chemistry,rozszerzony,7,019c23e0-37ae-7ea3-9fbf-da9c7dee8e1a,II LICEUM OGÓLNOKSZTAŁCĄCE IM. DR. WŁADYSŁAWA PNIEWSKIEGO W GDAŃSKU,gdansk/liceum-ogolnoksztalcace/ii-liceum-ogolnoksztalcace-im-dr-wladyslawa-pniewskiego-w-gdansku-74772,Gdańsk,POMORSKIE,52.65,8,69,True
2022,chemistry,rozszerzony,8,019c23d8-cacf-7d04-b631-09a030bf5a2c,I LICEUM OGÓLNOKSZTAŁCĄCE IM. MIKOŁAJA KOPERNIKA W GDAŃSKU,gdansk/liceum-ogolnoksztalcace/i-liceum-ogolnoksztalcace-im-mikolaja-kopernika-w-gdansku-7753,Gdańsk,POMORSKIE,52.14,9,69,True
2022,chemistry,rozszerzony,9,019c23a3-560a-7f50-9455-d335ba48b0d2,X LICEUM OGÓLNOKSZTAŁCĄCE IM. GDYŃSKICH NAUCZYCIELI BOHATERÓW II WOJNY ŚWIATOWEJ,gdynia/liceum-ogolnoksztalcace/x-liceum-ogolnoksztalcace-im-gdynskich-nauczycieli-bohaterow-ii-wojny-swiatowej-3620,Gdynia,POMORSKIE,49.5,12,69,True
2022,chemistry,rozszerzony,10,019c23d9-4d0f-7ef0-868b-44892d94e2f2,ZESPÓŁ SZKÓŁ OGÓLNOKSZTAŁCĄCYCH NR 1 IX LICEUM OGÓLNOKSZTAŁCĄCE IM. KRZYSZTOFA KOLBERGERA W GDAŃSKU,gdansk/liceum-ogolnoksztalcace/zespol-szkol-ogolnoksztalcacych-nr-1-ix-liceum-ogolnoksztalcace-im-krzysztofa-kolbergera-w-gdansku-11181,Gdańsk,POMORSKIE,47.73,14,69,True
2022,chemistry,rozszerzony,11,019c23a3-5615-78cb-abcc-4d7104553fe0,VI LICEUM OGÓLNOKSZTAŁCĄCE IM. WACŁAWA SIERPIŃSKIEGO,gdynia/liceum-ogolnoksztalcace/vi-liceum-ogolnoksztalcace-im-waclawa-sierpinskiego-3640,Gdynia,POMORSKIE,46.54,15,69,True
2022,chemistry,rozszerzony,12,019c23dc-6645-7e40-85b7-27f86cbc5d5e,KATOLICKIE LICEUM OGÓLNOKSZTAŁCĄCE IM. ŚW. JANA PAWŁA II W GDYNI,gdynia/liceum-ogolnoksztalcace/katolickie-liceum-ogolnoksztalcace-im-sw-jana-pawla-ii-w-gdyni-31207,Gdynia,POMORSKIE,42.25,18,69,True
2022,chemistry,rozszerzony,13,019c23e7-3b1a-78e7-bed0-bd667639e560,UNIWERSYTECKIE LICEUM OGÓLNOKSZTAŁCĄCE Z ODDZIAŁAMI DWUJĘZYCZNYMI IM. PAWŁA ADAMOWICZA W GDAŃSKU,gdansk/liceum-ogolnoksztalcace/uniwersyteckie-liceum-ogolnoksztalcace-z-oddzialami-dwujezycznymi-im-pawla-adamowicza-w-gdansku-271870,Gdańsk,POMORSKIE,40.58,19,69,True
2022,chemistry,rozszerzony,14,019c23db-377c-75c2-9891-7d0c9cfefc2b,II LICEUM OGÓLNOKSZTAŁCĄCE Z ODDZIAŁAMI DWUJĘZYCZNYMI IM. ADAMA MICKIEWICZA,gdynia/liceum-ogolnoksztalcace/ii-liceum-ogolnoksztalcace-z-oddzialami-dwujezycznymi-im-adama-mickiewicza-23199,Gdynia,POMORSKIE,40.07,20,69,True
2022,chemistry,rozszerzony,15,019c23da-8981-7b25-9261-e24d871a0c6d,XIV LICEUM OGÓLNOKSZTAŁCĄCE Z ODDZIAŁAMI DWUJĘZYCZNYMI IM. MIKOŁAJA KOPERNIKA W GDYNI,gdynia/liceum-ogolnoksztalcace/xiv-liceum-ogolnoksztalcace-z-oddzialami-dwujezycznymi-im-mikolaja-kopernika-w-gdyni-18942,Gdynia,POMORSKIE,37.11,25,69,True
2022,chemistry,rozszerzony,16,019c23e6-684c-7a8a-9df3-393682b13dce,X LICEUM OGÓLNOKSZTAŁCĄCE DWUJĘZYCZNE IM. LECHA BĄDKOWSKIEGO W GDAŃSKU,gdansk/liceum-ogolnoksztalcace/x-liceum-ogolnoksztalcace-dwujezyczne-im-lecha-badkowskiego-w-gdansku-262211,Gdańsk,POMORSKIE,37,26,69,True
2022,chemistry,rozszerzony,17,019c23a3-5e8a-7225-b133-a53baf2bca13,IX LICEUM OGÓLNOKSZTAŁCĄCE IM. MARSZAŁKA JÓZEFA PIŁSUDSKIEGO,gdynia/liceum-ogolnoksztalcace/ix-liceum-ogolnoksztalcace-im-marszalka-jozefa-pilsudskiego-3957,Gdynia,POMORSKIE,35.04,30,69,True
2022,chemistry,rozszerzony,18,019c23d8-a94a-7758-bba6-59d67f1da167,XIX LICEUM OGÓLNOKSZTAŁCĄCE IM. MARIANA MOKWY W GDAŃSKU,gdansk/liceum-ogolnoksztalcace/xix-liceum-ogolnoksztalcace-im-mariana-mokwy-w-gdansku-6954,Gdańsk,POMORSKIE,35,31,69,True
2022,chemistry,rozszerzony,19,019c23e6-6337-7693-b82e-ab2a9ded4f58,XVII LICEUM OGÓLNOKSZTAŁCĄCE W GDYNI,gdynia/liceum-ogolnoksztalcace/xvii-liceum-ogolnoksztalcace-w-gdyni-196346,Gdynia,POMORSKIE,34.43,32,69,True
2022,chemistry,rozszerzony,20,019c23a3-6389-77b0-bbab-b575b9909f02,I AKADEMICKIE LICEUM OGÓLNOKSZTAŁCĄCE IM. ZASŁUŻONYCH LUDZI MORZA,gdynia/liceum-ogolnoksztalcace/i-akademickie-liceum-ogolnoksztalcace-im-zasluzonych-ludzi-morza-4045,Gdynia,POMORSKIE,29.38,35,69,True
2022,chemistry,rozszerzony,21,019c23d8-a940-7b2e-9a33-c0ed54ec5110,XV LICEUM OGÓLNOKSZTAŁCĄCE Z ODDZIAŁAMI DWUJĘZYCZNYMI IM. ZJEDNOCZONEJ EUROPY W GDAŃSKU,gdansk/liceum-ogolnoksztalcace/xv-liceum-ogolnoksztalcace-z-oddzialami-dwujezycznymi-im-zjednoczonej-europy-w-gdansku-6934,Gdańsk,POMORSKIE,25.92,39,69,True
2022,chemistry,rozszerzony,22,019c23d8-d32e-7359-a061-3acf1e0b89c3,ZESPÓŁ SZKÓŁ OGÓLNOKSZTAŁCĄCYCH NR 7 VII LICEUM OGÓLNOKSZTAŁCĄCE IM. JÓZEFA WYBICKIEGO W GDAŃSKU,gdansk/liceum-ogolnoksztalcace/zespol-szkol-ogolnoksztalcacych-nr-7-vii-liceum-ogolnoksztalcace-im-jozefa-wybickiego-w-gdansku-7982,Gdańsk,POMORSKIE,18.5,48,69,True
2022,chemistry,rozszerzony,23,019c23d9-f4c1-72b6-a67a-da8c66f48adb,CENTRUM KSZTAŁCENIA ZAWODOWEGO I USTAWICZNEGO NR 2 TECHNIKUM NR 8 W GDAŃSKU,gdansk/technikum/centrum-ksztalcenia-zawodowego-i-ustawicznego-nr-2-technikum-nr-8-w-gdansku-15302,Gdańsk,POMORSKIE,16.38,52,69,True
2022,chemistry,rozszerzony,24,019c23da-7ce6-7b22-ad9a-b52d1abb2924,ZESPÓŁ SZKÓŁ OGÓLNOKSZTAŁCĄCYCH NR 6 - VI LICEUM OGÓLNOKSZTAŁCĄCE W GDAŃSKU,gdansk/liceum-ogolnoksztalcace/zespol-szkol-ogolnoksztalcacych-nr-6-vi-liceum-ogolnoksztalcace-w-gdansku-18579,Gdańsk,POMORSKIE,13.09,56,69,True
2022,chemistry,rozszerzony,25,019c23d8-d32f-7372-8928-c2e4ce1db270,XXI LICEUM OGÓLNOKSZTAŁCĄCE Z ODDZIAŁAMI SPORTOWYMI,gdansk/liceum-ogolnoksztalcace/xxi-liceum-ogolnoksztalcace-z-oddzialami-sportowymi-7983,Gdańsk,POMORSKIE,13,57,69,True
2022,chemistry,rozszerzony,26,019c23db-9e95-7f98-90d3-da4885c55e9f,V LICEUM OGÓLNOKSZTAŁCĄCE IM.PŁK.STANISŁAWA DĄBKA,gdynia/liceum-ogolnoksztalcace/v-liceum-ogolnoksztalcace-im-plk-stanislawa-dabka-25697,Gdynia,POMORSKIE,11.43,59,69,True
2022,chemistry,rozszerzony,27,019c23dd-3a9d-76f5-830d-79a0b5935977,"AKADEMICKIE LICEUM OGÓLNOKSZTAŁCĄCE ""LINGWISTA"" IM. HYMNU NARODOWEGO",gdansk/liceum-ogolnoksztalcace/akademickie-liceum-ogolnoksztalcace-lingwista-im-hymnu-narodowego-43407,Gdańsk,POMORSKIE,9.6,62,69,False
2022,chemistry,rozszerzony,28,019c23da-47e6-7a0f-9007-884a441f1b2a,CENTRUM KSZTAŁCENIA ZAWODOWEGO I USTAWICZNEGO NR 2 TECHNIKUM NR 14 W GDAŃSKU,gdansk/technikum/centrum-ksztalcenia-zawodowego-i-ustawicznego-nr-2-technikum-nr-14-w-gdansku-17295,Gdańsk,POMORSKIE,5.4,66,69,True
2022,chemistry,rozszerzony,29,019c23d9-6659-7852-9cd9-4401dc0988d6,TECHNIKUM GASTRONOMICZNE,gdynia/technikum/technikum-gastronomiczne-11768,Gdynia,POMORSKIE,5.11,67,69,True
2022,chemistry,rozszerzony,30,019c23d9-6673-780a-b5ca-50d0fb5aeca4,TECHNIKUM TEB EDUKACJA W GDAŃSKU,gdansk/technikum/technikum-teb-edukacja-w-gdansku-11821,Gdańsk,POMORSKIE,3,69,69,False
2023,chemistry,rozszerzony,1,019c23d8-ae37-7bc1-a2a8-f92b0f783fb8,V LICEUM OGÓLNOKSZTAŁCĄCE IM. STEFANA ŻEROMSKIEGO W GDAŃSKU,gdansk/liceum-ogolnoksztalcace/v-liceum-ogolnoksztalcace-im-stefana-zeromskiego-w-gdansku-7051,Gdańsk,POMORSKIE,80,1,70,True
2023,chemistry,rozszerzony,2,019c23dc-2668-7cf6-9536-25ec03b8c5be,III LICEUM OGÓLNOKSZTAŁCĄCE Z ODDZ. DWUJĘZYCZNYMI IM. MARYNARKI WOJENNEJ RP,gdynia/liceum-ogolnoksztalcace/iii-liceum-ogolnoksztalcace-z-oddz-dwujezycznymi-im-marynarki-wojennej-rp-29583,Gdynia,POMORSKIE,76.06,2,70,True
2023,chemistry,rozszerzony,3,019c23e1-616e-74f1-adca-e1dedd7eaa21,GDAŃSKIE SZKOŁY AUTONOMICZNE GDAŃSKIE LICEUM AUTONOMICZNE,gdansk/liceum-ogolnoksztalcace/gdanskie-szkoly-autonomiczne-gdanskie-liceum-autonomiczne-86002,Gdańsk,POMORSKIE,75.69,3,70,False
2023,chemistry,rozszerzony,4,019c23d8-cacf-7d04-b631-09a030bf5a2c,I LICEUM OGÓLNOKSZTAŁCĄCE IM. MIKOŁAJA KOPERNIKA W GDAŃSKU,gdansk/liceum-ogolnoksztalcace/i-liceum-ogolnoksztalcace-im-mikolaja-kopernika-w-gdansku-7753,Gdańsk,POMORSKIE,71.04,4,70,True
2023,chemistry,rozszerzony,5,019c23e0-37ae-7ea3-9fbf-da9c7dee8e1a,II LICEUM OGÓLNOKSZTAŁCĄCE IM. DR. WŁADYSŁAWA PNIEWSKIEGO W GDAŃSKU,gdansk/liceum-ogolnoksztalcace/ii-liceum-ogolnoksztalcace-im-dr-wladyslawa-pniewskiego-w-gdansku-74772,Gdańsk,POMORSKIE,70.35,5,70,True
2023,chemistry,rozszerzony,6,019c23d8-b1fe-75d8-acac-8d2487fd86af,III LICEUM OGÓLNOKSZTAŁCĄCE Z ODDZIAŁAMI DWUJĘZYCZNYMI IM. BOHATERÓW WESTERPLATTE W GDAŃSKU,gdansk/liceum-ogolnoksztalcace/iii-liceum-ogolnoksztalcace-z-oddzialami-dwujezycznymi-im-bohaterow-westerplatte-w-gdansku-7099,Gdańsk,POMORSKIE,66.46,6,70,True
2023,chemistry,rozszerzony,7,019c23d9-4d0f-7ef0-868b-44892d94e2f2,ZESPÓŁ SZKÓŁ OGÓLNOKSZTAŁCĄCYCH NR 1 IX LICEUM OGÓLNOKSZTAŁCĄCE IM. KRZYSZTOFA KOLBERGERA W GDAŃSKU,gdansk/liceum-ogolnoksztalcace/zespol-szkol-ogolnoksztalcacych-nr-1-ix-liceum-ogolnoksztalcace-im-krzysztofa-kolbergera-w-gdansku-11181,Gdańsk,POMORSKIE,59,11,70,True
2023,chemistry,rozszerzony,8,019c23d9-4d0f-7ef0-868b-44892ed81157,VIII LICEUM OGÓLNOKSZTAŁCĄCE IM. KOMISJI EDUKACJI NARODOWEJ W GDAŃSKU,gdansk/liceum-ogolnoksztalcace/viii-liceum-ogolnoksztalcace-im-komisji-edukacji-narodowej-w-gdansku-11182,Gdańsk,POMORSKIE,57.42,13,70,True
2023,chemistry,rozszerzony,9,019c23a3-560a-7f50-9455-d335ba48b0d2,X LICEUM OGÓLNOKSZTAŁCĄCE IM. GDYŃSKICH NAUCZYCIELI BOHATERÓW II WOJNY ŚWIATOWEJ,gdynia/liceum-ogolnoksztalcace/x-liceum-ogolnoksztalcace-im-gdynskich-nauczycieli-bohaterow-ii-wojny-swiatowej-3620,Gdynia,POMORSKIE,56.22,14,70,True
2023,chemistry,rozszerzony,10,019c23da-8981-7b25-9261-e24d871a0c6d,XIV LICEUM OGÓLNOKSZTAŁCĄCE Z ODDZIAŁAMI DWUJĘZYCZNYMI IM. MIKOŁAJA KOPERNIKA W GDYNI,gdynia/liceum-ogolnoksztalcace/xiv-liceum-ogolnoksztalcace-z-oddzialami-dwujezycznymi-im-mikolaja-kopernika-w-gdyni-18942,Gdynia,POMORSKIE,52.88,17,70,True
2023,chemistry,rozszerzony,11,019c23d8-a94f-7be1-9898-adc018e38fc9,XX LICEUM OGÓLNOKSZTAŁCĄCE Z ODDZIAŁAMI DWUJĘZYCZNYMI IM. ZBIGNIEWA HERBERTA W GDAŃSKU,gdansk/liceum-ogolnoksztalcace/zespol-szkol-ogolnoksztalcacych-nr-12-xx-liceum-ogolnoksztalcace-z-oddzialami-dwujezycznymi-im-zbigniewa-herberta-w-gdansku-6968,Gdańsk,POMORSKIE,52.26,19,70,True
2023,chemistry,rozszerzony,12,019c23c2-580b-7835-9e2f-61dcc854cebd,OGÓLNOKSZTAŁCĄCE LICEUM JEZUITÓW Z ODDZIAŁAMI DWUJĘZYCZNYMI IM ŚW. STANISŁAWA KOSTKI W GDYNI,gdynia/liceum-ogolnoksztalcace/ogolnoksztalcace-liceum-jezuitow-z-oddzialami-dwujezycznymi-im-sw-stanislawa-kostki-w-gdyni-6128,Gdynia,POMORSKIE,51.29,20,70,False
2023,chemistry,rozszerzony,13,019c23e6-684c-7a8a-9df3-393682b13dce,X LICEUM OGÓLNOKSZTAŁCĄCE DWUJĘZYCZNE IM. LECHA BĄDKOWSKIEGO W GDAŃSKU,gdansk/liceum-ogolnoksztalcace/x-liceum-ogolnoksztalcace-dwujezyczne-im-lecha-badkowskiego-w-gdansku-262211,Gdańsk,POMORSKIE,50.92,21,70,True
2023,chemistry,rozszerzony,14,019c23e7-18e9-7469-9435-95a635c036bc,CHRZEŚCIJAŃSKIE AUTORSKIE LICEUM OGÓLNOKSZTAŁCĄCE,gdansk/liceum-ogolnoksztalcace/chrzescijanskie-autorskie-liceum-ogolnoksztalcace-269593,Gdańsk,POMORSKIE,49.8,24,70,False
2023,chemistry,rozszerzony,15,019c23db-377c-75c2-9891-7d0c9cfefc2b,II LICEUM OGÓLNOKSZTAŁCĄCE Z ODDZIAŁAMI DWUJĘZYCZNYMI IM. ADAMA MICKIEWICZA,gdynia/liceum-ogolnoksztalcace/ii-liceum-ogolnoksztalcace-z-oddzialami-dwujezycznymi-im-adama-mickiewicza-23199,Gdynia,POMORSKIE,47.78,25,70,True
2023,chemistry,rozszerzony,16,019c23d8-a94a-7758-bba6-59d67f1da167,XIX LICEUM OGÓLNOKSZTAŁCĄCE IM. MARIANA MOKWY W GDAŃSKU,gdansk/liceum-ogolnoksztalcace/xix-liceum-ogolnoksztalcace-im-mariana-mokwy-w-gdansku-6954,Gdańsk,POMORSKIE,47.43,26,70,True
2023,chemistry,rozszerzony,17,019c23a3-5615-78cb-abcc-4d7104553fe0,VI LICEUM OGÓLNOKSZTAŁCĄCE IM. WACŁAWA SIERPIŃSKIEGO,gdynia/liceum-ogolnoksztalcace/vi-liceum-ogolnoksztalcace-im-waclawa-sierpinskiego-3640,Gdynia,POMORSKIE,44.19,29,70,True
2023,chemistry,rozszerzony,18,019c23dc-6645-7e40-85b7-27f86cbc5d5e,KATOLICKIE LICEUM OGÓLNOKSZTAŁCĄCE IM. ŚW. JANA PAWŁA II W GDYNI,gdynia/liceum-ogolnoksztalcace/katolickie-liceum-ogolnoksztalcace-im-sw-jana-pawla-ii-w-gdyni-31207,Gdynia,POMORSKIE,42.25,31,70,True
2023,chemistry,rozszerzony,19,019c23e7-3b1a-78e7-bed0-bd667639e560,UNIWERSYTECKIE LICEUM OGÓLNOKSZTAŁCĄCE Z ODDZIAŁAMI DWUJĘZYCZNYMI IM. PAWŁA ADAMOWICZA W GDAŃSKU,gdansk/liceum-ogolnoksztalcace/uniwersyteckie-liceum-ogolnoksztalcace-z-oddzialami-dwujezycznymi-im-pawla-adamowicza-w-gdansku-271870,Gdańsk,POMORSKIE,41.47,34,70,True
2023,chemistry,rozszerzony,20,019c23a3-5e8a-7225-b133-a53baf2bca13,IX LICEUM OGÓLNOKSZTAŁCĄCE IM. MARSZAŁKA JÓZEFA PIŁSUDSKIEGO,gdynia/liceum-ogolnoksztalcace/ix-liceum-ogolnoksztalcace-im-marszalka-jozefa-pilsudskiego-3957,Gdynia,POMORSKIE,40.47,35,70,True
2023,chemistry,rozszerzony,21,019c23e6-6337-7693-b82e-ab2a9ded4f58,XVII LICEUM OGÓLNOKSZTAŁCĄCE W GDYNI,gdynia/liceum-ogolnoksztalcace/xvii-liceum-ogolnoksztalcace-w-gdyni-196346,Gdynia,POMORSKIE,38.69,39,70,True
2023,chemistry,rozszerzony,22,019c23d8-d32e-7359-a061-3acf1e0b89c3,ZESPÓŁ SZKÓŁ OGÓLNOKSZTAŁCĄCYCH NR 7 VII LICEUM OGÓLNOKSZTAŁCĄCE IM. JÓZEFA WYBICKIEGO W GDAŃSKU,gdansk/liceum-ogolnoksztalcace/zespol-szkol-ogolnoksztalcacych-nr-7-vii-liceum-ogolnoksztalcace-im-jozefa-wybickiego-w-gdansku-7982,Gdańsk,POMORSKIE,34.69,45,70,True
2023,chemistry,rozszerzony,23,019c23d9-4d0c-7036-bb0c-c4296cb32b21,ZESPÓŁ SZKÓŁ OGÓLNOKSZTAŁCĄCYCH NR 2 XXIV LICEUM OGÓLNOKSZTAŁCĄCE IM. STEFANA BANACHA W GDAŃSKU,gdansk/liceum-ogolnoksztalcace/zespol-szkol-ogolnoksztalcacych-nr-2-xxiv-liceum-ogolnoksztalcace-im-stefana-banacha-w-gdansku-11174,Gdańsk,POMORSKIE,29.86,47,70,True
2023,chemistry,rozszerzony,24,019c23dd-3a9d-76f5-830d-79a0b5935977,"AKADEMICKIE LICEUM OGÓLNOKSZTAŁCĄCE ""LINGWISTA"" IM. HYMNU NARODOWEGO",gdansk/liceum-ogolnoksztalcace/akademickie-liceum-ogolnoksztalcace-lingwista-im-hymnu-narodowego-43407,Gdańsk,POMORSKIE,28.5,49,70,False
2023,chemistry,rozszerzony,25,019c23d9-f4c1-72b6-a67a-da8c66f48adb,CENTRUM KSZTAŁCENIA ZAWODOWEGO I USTAWICZNEGO NR 2 TECHNIKUM NR 8 W GDAŃSKU,gdansk/technikum/centrum-ksztalcenia-zawodowego-i-ustawicznego-nr-2-technikum-nr-8-w-gdansku-15302,Gdańsk,POMORSKIE,27.42,51,70,True
2023,chemistry,rozszerzony,26,019c23a3-6389-77b0-bbab-b575b9909f02,I AKADEMICKIE LICEUM OGÓLNOKSZTAŁCĄCE IM. ZASŁUŻONYCH LUDZI MORZA,gdynia/liceum-ogolnoksztalcace/i-akademickie-liceum-ogolnoksztalcace-im-zasluzonych-ludzi-morza-4045,Gdynia,POMORSKIE,27.38,52,70,True
2023,chemistry,rozszerzony,27,019c23d8-a940-7b2e-9a33-c0ed54ec5110,XV LICEUM OGÓLNOKSZTAŁCĄCE Z ODDZIAŁAMI DWUJĘZYCZNYMI IM. ZJEDNOCZONEJ EUROPY W GDAŃSKU,gdansk/liceum-ogolnoksztalcace/xv-liceum-ogolnoksztalcace-z-oddzialami-dwujezycznymi-im-zjednoczonej-europy-w-gdansku-6934,Gdańsk,POMORSKIE,26.76,53,70,True
2023,chemistry,rozszerzony,28,019c23d9-f4c0-712c-8c74-3454772e219d,ZESPÓŁ SZKÓŁ OGÓLNOKSZTAŁCĄCYCH NR 8 IM. W GDAŃSKU - XIV LICEUM OGÓLNOKSZTAŁCĄCE IM. JANA PAWŁA II,gdansk/liceum-ogolnoksztalcace/zespol-szkol-ogolnoksztalcacych-nr-8-im-w-gdansku-xiv-liceum-ogolnoksztalcace-im-jana-pawla-ii-15300,Gdańsk,POMORSKIE,23.67,58,70,True
2023,chemistry,rozszerzony,29,019c23da-6f34-7ee2-b2af-76fcc5140265,IV LICEUM OGÓLNOKSZTAŁCĄCE Z ODDZIAŁAMI MISTRZOSTWA SPORTOWEGO IM. MARYNARZY WOJSK OCHRONY POGRANICZA W GDAŃSKU,gdansk/liceum-ogolnoksztalcace/iv-liceum-ogolnoksztalcace-z-oddzialami-mistrzostwa-sportowego-im-marynarzy-wojsk-ochrony-pogranicza-w-gdansku-18356,Gdańsk,POMORSKIE,21.38,59,70,True
2023,chemistry,rozszerzony,30,019c23da-7ce6-7b22-ad9a-b52d1abb2924,ZESPÓŁ SZKÓŁ OGÓLNOKSZTAŁCĄCYCH NR 6 - VI LICEUM OGÓLNOKSZTAŁCĄCE W GDAŃSKU,gdansk/liceum-ogolnoksztalcace/zespol-szkol-ogolnoksztalcacych-nr-6-vi-liceum-ogolnoksztalcace-w-gdansku-18579,Gdańsk,POMORSKIE,17.22,60,70,True
2023,chemistry,rozszerzony,31,019c23db-9e95-7f98-90d3-da4885c55e9f,V LICEUM OGÓLNOKSZTAŁCĄCE IM.PŁK.STANISŁAWA DĄBKA,gdynia/liceum-ogolnoksztalcace/v-liceum-ogolnoksztalcace-im-plk-stanislawa-dabka-25697,Gdynia,POMORSKIE,16.13,61,70,True
2023,chemistry,rozszerzony,32,019c23d9-6673-780a-b5ca-50d0fb5aeca4,TECHNIKUM TEB EDUKACJA W GDAŃSKU,gdansk/technikum/technikum-teb-edukacja-w-gdansku-11821,Gdańsk,POMORSKIE,12.71,66,70,False
2023,chemistry,rozszerzony,33,019c23da-47e6-7a0f-9007-884a441f1b2a,CENTRUM KSZTAŁCENIA ZAWODOWEGO I USTAWICZNEGO NR 2 TECHNIKUM NR 14 W GDAŃSKU,gdansk/technikum/centrum-ksztalcenia-zawodowego-i-ustawicznego-nr-2-technikum-nr-14-w-gdansku-17295,Gdańsk,POMORSKIE,12.5,67,70,True
2023,chemistry,rozszerzony,34,019c23e0-d61d-7005-9ad8-e8d19919c411,OGÓLNOKSZTAŁCĄCE LICEUM PROGRAMÓW INDYWIDUALNYCH IM. ADMIRAŁA JÓZEFA UNRUGA,gdansk/liceum-ogolnoksztalcace/ogolnoksztalcace-liceum-programow-indywidualnych-im-admirala-jozefa-unruga-81759,Gdańsk,POMORSKIE,10.2,68,70,False
2024,chemistry,rozszerzony,1,019c23dc-2668-7cf6-9536-25ec03b8c5be,III LICEUM OGÓLNOKSZTAŁCĄCE Z ODDZ. DWUJĘZYCZNYMI IM. MARYNARKI WOJENNEJ RP,gdynia/liceum-ogolnoksztalcace/iii-liceum-ogolnoksztalcace-z-oddz-dwujezycznymi-im-marynarki-wojennej-rp-29583,Gdynia,POMORSKIE,81.89,1,60,True
2024,chemistry,rozszerzony,2,019c23e1-616e-74f1-adca-e1dedd7eaa21,GDAŃSKIE SZKOŁY AUTONOMICZNE GDAŃSKIE LICEUM AUTONOMICZNE,gdansk/liceum-ogolnoksztalcace/gdanskie-szkoly-autonomiczne-gdanskie-liceum-autonomiczne-86002,Gdańsk,POMORSKIE,69,2,60,False
2024,chemistry,rozszerzony,3,019c23d8-ae37-7bc1-a2a8-f92b0f783fb8,V LICEUM OGÓLNOKSZTAŁCĄCE IM. STEFANA ŻEROMSKIEGO W GDAŃSKU,gdansk/liceum-ogolnoksztalcace/v-liceum-ogolnoksztalcace-im-stefana-zeromskiego-w-gdansku-7051,Gdańsk,POMORSKIE,64.67,3,60,True
2024,chemistry,rozszerzony,4,019c23e0-37ae-7ea3-9fbf-da9c7dee8e1a,II LICEUM OGÓLNOKSZTAŁCĄCE IM. DR. WŁADYSŁAWA PNIEWSKIEGO W GDAŃSKU,gdansk/liceum-ogolnoksztalcace/ii-liceum-ogolnoksztalcace-im-dr-wladyslawa-pniewskiego-w-gdansku-74772,Gdańsk,POMORSKIE,62.43,4,60,True
2024,chemistry,rozszerzony,5,019c23a3-5615-78cb-abcc-4d7104553fe0,VI LICEUM OGÓLNOKSZTAŁCĄCE IM. WACŁAWA SIERPIŃSKIEGO,gdynia/liceum-ogolnoksztalcace/vi-liceum-ogolnoksztalcace-im-waclawa-sierpinskiego-3640,Gdynia,POMORSKIE,62.26,5,60,True
2024,chemistry,rozszerzony,6,019c23d8-cacf-7d04-b631-09a030bf5a2c,I LICEUM OGÓLNOKSZTAŁCĄCE IM. MIKOŁAJA KOPERNIKA W GDAŃSKU,gdansk/liceum-ogolnoksztalcace/i-liceum-ogolnoksztalcace-im-mikolaja-kopernika-w-gdansku-7753,Gdańsk,POMORSKIE,60.82,6,60,True
2024,chemistry,rozszerzony,7,019c23d8-b1fe-75d8-acac-8d2487fd86af,III LICEUM OGÓLNOKSZTAŁCĄCE Z ODDZIAŁAMI DWUJĘZYCZNYMI IM. BOHATERÓW WESTERPLATTE W GDAŃSKU,gdansk/liceum-ogolnoksztalcace/iii-liceum-ogolnoksztalcace-z-oddzialami-dwujezycznymi-im-bohaterow-westerplatte-w-gdansku-7099,Gdańsk,POMORSKIE,59.18,7,60,True
2024,chemistry,rozszerzony,8,019c23e7-3b1a-78e7-bed0-bd667639e560,UNIWERSYTECKIE LICEUM OGÓLNOKSZTAŁCĄCE Z ODDZIAŁAMI DWUJĘZYCZNYMI IM. PAWŁA ADAMOWICZA W GDAŃSKU,gdansk/liceum-ogolnoksztalcace/uniwersyteckie-liceum-ogolnoksztalcace-z-oddzialami-dwujezycznymi-im-pawla-adamowicza-w-gdansku-271870,Gdańsk,POMORSKIE,54.31,11,60,True
2024,chemistry,rozszerzony,9,019c23e6-684c-7a8a-9df3-393682b13dce,X LICEUM OGÓLNOKSZTAŁCĄCE DWUJĘZYCZNE IM. LECHA BĄDKOWSKIEGO W GDAŃSKU,gdansk/liceum-ogolnoksztalcace/x-liceum-ogolnoksztalcace-dwujezyczne-im-lecha-badkowskiego-w-gdansku-262211,Gdańsk,POMORSKIE,54.3,12,60,True
2024,chemistry,rozszerzony,10,019c23d9-4d0f-7ef0-868b-44892ed81157,VIII LICEUM OGÓLNOKSZTAŁCĄCE IM. KOMISJI EDUKACJI NARODOWEJ W GDAŃSKU,gdansk/liceum-ogolnoksztalcace/viii-liceum-ogolnoksztalcace-im-komisji-edukacji-narodowej-w-gdansku-11182,Gdańsk,POMORSKIE,52.8,13,60,True
2024,chemistry,rozszerzony,11,019c23d8-a94f-7be1-9898-adc018e38fc9,XX LICEUM OGÓLNOKSZTAŁCĄCE Z ODDZIAŁAMI DWUJĘZYCZNYMI IM. ZBIGNIEWA HERBERTA W GDAŃSKU,gdansk/liceum-ogolnoksztalcace/zespol-szkol-ogolnoksztalcacych-nr-12-xx-liceum-ogolnoksztalcace-z-oddzialami-dwujezycznymi-im-zbigniewa-herberta-w-gdansku-6968,Gdańsk,POMORSKIE,50,16,60,True
2024,chemistry,rozszerzony,12,019c23db-377c-75c2-9891-7d0c9cfefc2b,II LICEUM OGÓLNOKSZTAŁCĄCE Z ODDZIAŁAMI DWUJĘZYCZNYMI IM. ADAMA MICKIEWICZA,gdynia/liceum-ogolnoksztalcace/ii-liceum-ogolnoksztalcace-z-oddzialami-dwujezycznymi-im-adama-mickiewicza-23199,Gdynia,POMORSKIE,47.52,18,60,True
2024,chemistry,rozszerzony,13,019c23dc-6645-7e40-85b7-27f86cbc5d5e,KATOLICKIE LICEUM OGÓLNOKSZTAŁCĄCE IM. ŚW. JANA PAWŁA II W GDYNI,gdynia/liceum-ogolnoksztalcace/katolickie-liceum-ogolnoksztalcace-im-sw-jana-pawla-ii-w-gdyni-31207,Gdynia,POMORSKIE,44.43,22,60,True
2024,chemistry,rozszerzony,14,019c23d8-a94a-7758-bba6-59d67f1da167,XIX LICEUM OGÓLNOKSZTAŁCĄCE IM. MARIANA MOKWY W GDAŃSKU,gdansk/liceum-ogolnoksztalcace/xix-liceum-ogolnoksztalcace-im-mariana-mokwy-w-gdansku-6954,Gdańsk,POMORSKIE,44.24,23,60,True
2024,chemistry,rozszerzony,15,019c23e6-6337-7693-b82e-ab2a9ded4f58,XVII LICEUM OGÓLNOKSZTAŁCĄCE W GDYNI,gdynia/liceum-ogolnoksztalcace/xvii-liceum-ogolnoksztalcace-w-gdyni-196346,Gdynia,POMORSKIE,41.58,24,60,True
2024,chemistry,rozszerzony,16,019c23da-8981-7b25-9261-e24d871a0c6d,XIV LICEUM OGÓLNOKSZTAŁCĄCE Z ODDZIAŁAMI DWUJĘZYCZNYMI IM. MIKOŁAJA KOPERNIKA W GDYNI,gdynia/liceum-ogolnoksztalcace/xiv-liceum-ogolnoksztalcace-z-oddzialami-dwujezycznymi-im-mikolaja-kopernika-w-gdyni-18942,Gdynia,POMORSKIE,40.91,25,60,True
2024,chemistry,rozszerzony,17,019c23a3-5e8a-7225-b133-a53baf2bca13,IX LICEUM OGÓLNOKSZTAŁCĄCE IM. MARSZAŁKA JÓZEFA PIŁSUDSKIEGO,gdynia/liceum-ogolnoksztalcace/ix-liceum-ogolnoksztalcace-im-marszalka-jozefa-pilsudskiego-3957,Gdynia,POMORSKIE,39.45,26,60,True
2024,chemistry,rozszerzony,18,019c23a3-560a-7f50-9455-d335ba48b0d2,X LICEUM OGÓLNOKSZTAŁCĄCE IM. GDYŃSKICH NAUCZYCIELI BOHATERÓW II WOJNY ŚWIATOWEJ,gdynia/liceum-ogolnoksztalcace/x-liceum-ogolnoksztalcace-im-gdynskich-nauczycieli-bohaterow-ii-wojny-swiatowej-3620,Gdynia,POMORSKIE,33.74,33,60,True
2024,chemistry,rozszerzony,19,019c23d9-4d0f-7ef0-868b-44892d94e2f2,ZESPÓŁ SZKÓŁ OGÓLNOKSZTAŁCĄCYCH NR 1 IX LICEUM OGÓLNOKSZTAŁCĄCE IM. KRZYSZTOFA KOLBERGERA W GDAŃSKU,gdansk/liceum-ogolnoksztalcace/zespol-szkol-ogolnoksztalcacych-nr-1-ix-liceum-ogolnoksztalcace-im-krzysztofa-kolbergera-w-gdansku-11181,Gdańsk,POMORSKIE,31.82,34,60,True
2024,chemistry,rozszerzony,20,019c23a3-6389-77b0-bbab-b575b9909f02,I AKADEMICKIE LICEUM OGÓLNOKSZTAŁCĄCE IM. ZASŁUŻONYCH LUDZI MORZA,gdynia/liceum-ogolnoksztalcace/i-akademickie-liceum-ogolnoksztalcace-im-zasluzonych-ludzi-morza-4045,Gdynia,POMORSKIE,31.2,35,60,True
2024,chemistry,rozszerzony,21,019c23d8-a940-7b2e-9a33-c0ed54ec5110,XV LICEUM OGÓLNOKSZTAŁCĄCE Z ODDZIAŁAMI DWUJĘZYCZNYMI IM. ZJEDNOCZONEJ EUROPY W GDAŃSKU,gdansk/liceum-ogolnoksztalcace/xv-liceum-ogolnoksztalcace-z-oddzialami-dwujezycznymi-im-zjednoczonej-europy-w-gdansku-6934,Gdańsk,POMORSKIE,19.87,45,60,True
2024,chemistry,rozszerzony,22,019c23db-9e95-7f98-90d3-da4885c55e9f,V LICEUM OGÓLNOKSZTAŁCĄCE IM.PŁK.STANISŁAWA DĄBKA,gdynia/liceum-ogolnoksztalcace/v-liceum-ogolnoksztalcace-im-plk-stanislawa-dabka-25697,Gdynia,POMORSKIE,16.8,49,60,True
2024,chemistry,rozszerzony,23,019c23d9-4d0c-7036-bb0c-c4296cb32b21,ZESPÓŁ SZKÓŁ OGÓLNOKSZTAŁCĄCYCH NR 2 XXIV LICEUM OGÓLNOKSZTAŁCĄCE IM. STEFANA BANACHA W GDAŃSKU,gdansk/liceum-ogolnoksztalcace/zespol-szkol-ogolnoksztalcacych-nr-2-xxiv-liceum-ogolnoksztalcace-im-stefana-banacha-w-gdansku-11174,Gdańsk,POMORSKIE,16.33,50,60,True
2024,chemistry,rozszerzony,24,019c23da-7ce6-7b22-ad9a-b52d1abb2924,ZESPÓŁ SZKÓŁ OGÓLNOKSZTAŁCĄCYCH NR 6 - VI LICEUM OGÓLNOKSZTAŁCĄCE W GDAŃSKU,gdansk/liceum-ogolnoksztalcace/zespol-szkol-ogolnoksztalcacych-nr-6-vi-liceum-ogolnoksztalcace-w-gdansku-18579,Gdańsk,POMORSKIE,14.15,51,60,True
2024,chemistry,rozszerzony,25,019c23d9-f4c1-72b6-a67a-da8c66f48adb,CENTRUM KSZTAŁCENIA ZAWODOWEGO I USTAWICZNEGO NR 2 TECHNIKUM NR 8 W GDAŃSKU,gdansk/technikum/centrum-ksztalcenia-zawodowego-i-ustawicznego-nr-2-technikum-nr-8-w-gdansku-15302,Gdańsk,POMORSKIE,14.15,51,60,True
2024,chemistry,rozszerzony,26,019c23d8-d32e-7359-a061-3acf1e0b89c3,ZESPÓŁ SZKÓŁ OGÓLNOKSZTAŁCĄCYCH NR 7 VII LICEUM OGÓLNOKSZTAŁCĄCE IM. JÓZEFA WYBICKIEGO W GDAŃSKU,gdansk/liceum-ogolnoksztalcace/zespol-szkol-ogolnoksztalcacych-nr-7-vii-liceum-ogolnoksztalcace-im-jozefa-wybickiego-w-gdansku-7982,Gdańsk,POMORSKIE,13.8,53,60,True
2024,chemistry,rozszerzony,27,019c23da-47e6-7a0f-9007-884a441f1b2a,CENTRUM KSZTAŁCENIA ZAWODOWEGO I USTAWICZNEGO NR 2 TECHNIKUM NR 14 W GDAŃSKU,gdansk/technikum/centrum-ksztalcenia-zawodowego-i-ustawicznego-nr-2-technikum-nr-14-w-gdansku-17295,Gdańsk,POMORSKIE,12.23,54,60,True
2024,chemistry,rozszerzony,28,019c23d8-d32f-7372-8928-c2e4ce1db270,XXI LICEUM OGÓLNOKSZTAŁCĄCE Z ODDZIAŁAMI SPORTOWYMI,gdansk/liceum-ogolnoksztalcace/xxi-liceum-ogolnoksztalcace-z-oddzialami-sportowymi-7983,Gdańsk,POMORSKIE,10.33,56,60,True
2024,chemistry,rozszerzony,29,019c23da-a9b0-7934-a348-c175b55badc8,TECHNIKUM TEB EDUKACJA W GDYNI,gdynia/technikum/technikum-teb-edukacja-w-gdyni-19685,Gdynia,POMORSKIE,5.43,60,60,False
2025,chemistry,rozszerzony,1,019c23dc-2668-7cf6-9536-25ec03b8c5be,III LICEUM OGÓLNOKSZTAŁCĄCE Z ODDZ. DWUJĘZYCZNYMI IM. MARYNARKI WOJENNEJ RP,gdynia/liceum-ogolnoksztalcace/iii-liceum-ogolnoksztalcace-z-oddz-dwujezycznymi-im-marynarki-wojennej-rp-29583,Gdynia,POMORSKIE,81.25,1,53,True
2025,chemistry,rozszerzony,2,019c23d8-b1fe-75d8-acac-8d2487fd86af,III LICEUM OGÓLNOKSZTAŁCĄCE Z ODDZIAŁAMI DWUJĘZYCZNYMI IM. BOHATERÓW WESTERPLATTE W GDAŃSKU,gdansk/liceum-ogolnoksztalcace/iii-liceum-ogolnoksztalcace-z-oddzialami-dwujezycznymi-im-bohaterow-westerplatte-w-gdansku-7099,Gdańsk,POMORSKIE,68.41,3,53,True
2025,chemistry,rozszerzony,3,019c23e1-616e-74f1-adca-e1dedd7eaa21,GDAŃSKIE SZKOŁY AUTONOMICZNE GDAŃSKIE LICEUM AUTONOMICZNE,gdansk/liceum-ogolnoksztalcace/gdanskie-szkoly-autonomiczne-gdanskie-liceum-autonomiczne-86002,Gdańsk,POMORSKIE,66.83,4,53,False
2025,chemistry,rozszerzony,4,019c23e7-3b1a-78e7-bed0-bd667639e560,UNIWERSYTECKIE LICEUM OGÓLNOKSZTAŁCĄCE Z ODDZIAŁAMI DWUJĘZYCZNYMI IM. PAWŁA ADAMOWICZA W GDAŃSKU,gdansk/liceum-ogolnoksztalcace/uniwersyteckie-liceum-ogolnoksztalcace-z-oddzialami-dwujezycznymi-im-pawla-adamowicza-w-gdansku-271870,Gdańsk,POMORSKIE,65.41,5,53,True
2025,chemistry,rozszerzony,5,019c23d8-cacf-7d04-b631-09a030bf5a2c,I LICEUM OGÓLNOKSZTAŁCĄCE IM. MIKOŁAJA KOPERNIKA W GDAŃSKU,gdansk/liceum-ogolnoksztalcace/i-liceum-ogolnoksztalcace-im-mikolaja-kopernika-w-gdansku-7753,Gdańsk,POMORSKIE,61.56,7,53,True
2025,chemistry,rozszerzony,6,019c23d8-ae37-7bc1-a2a8-f92b0f783fb8,V LICEUM OGÓLNOKSZTAŁCĄCE IM. STEFANA ŻEROMSKIEGO W GDAŃSKU,gdansk/liceum-ogolnoksztalcace/v-liceum-ogolnoksztalcace-im-stefana-zeromskiego-w-gdansku-7051,Gdańsk,POMORSKIE,57.64,8,53,True
2025,chemistry,rozszerzony,7,019c23d9-4d0f-7ef0-868b-44892ed81157,VIII LICEUM OGÓLNOKSZTAŁCĄCE IM. KOMISJI EDUKACJI NARODOWEJ W GDAŃSKU,gdansk/liceum-ogolnoksztalcace/viii-liceum-ogolnoksztalcace-im-komisji-edukacji-narodowej-w-gdansku-11182,Gdańsk,POMORSKIE,57.28,9,53,True
2025,chemistry,rozszerzony,8,019c23a3-5615-78cb-abcc-4d7104553fe0,VI LICEUM OGÓLNOKSZTAŁCĄCE IM. WACŁAWA SIERPIŃSKIEGO,gdynia/liceum-ogolnoksztalcace/vi-liceum-ogolnoksztalcace-im-waclawa-sierpinskiego-3640,Gdynia,POMORSKIE,56.76,10,53,True
2025,chemistry,rozszerzony,9,019c23a3-560a-7f50-9455-d335ba48b0d2,X LICEUM OGÓLNOKSZTAŁCĄCE IM. GDYŃSKICH NAUCZYCIELI BOHATERÓW II WOJNY ŚWIATOWEJ,gdynia/liceum-ogolnoksztalcace/x-liceum-ogolnoksztalcace-im-gdynskich-nauczycieli-bohaterow-ii-wojny-swiatowej-3620,Gdynia,POMORSKIE,56.15,11,53,True
2025,chemistry,rozszerzony,10,019c23d8-a94f-7be1-9898-adc018e38fc9,XX LICEUM OGÓLNOKSZTAŁCĄCE Z ODDZIAŁAMI DWUJĘZYCZNYMI IM. ZBIGNIEWA HERBERTA W GDAŃSKU,gdansk/liceum-ogolnoksztalcace/zespol-szkol-ogolnoksztalcacych-nr-12-xx-liceum-ogolnoksztalcace-z-oddzialami-dwujezycznymi-im-zbigniewa-herberta-w-gdansku-6968,Gdańsk,POMORSKIE,51.56,14,53,True
2025,chemistry,rozszerzony,11,019c23e0-37ae-7ea3-9fbf-da9c7dee8e1a,II LICEUM OGÓLNOKSZTAŁCĄCE IM. DR. WŁADYSŁAWA PNIEWSKIEGO W GDAŃSKU,gdansk/liceum-ogolnoksztalcace/ii-liceum-ogolnoksztalcace-im-dr-wladyslawa-pniewskiego-w-gdansku-74772,Gdańsk,POMORSKIE,50.45,15,53,True
2025,chemistry,rozszerzony,12,019c23db-377c-75c2-9891-7d0c9cfefc2b,II LICEUM OGÓLNOKSZTAŁCĄCE Z ODDZIAŁAMI DWUJĘZYCZNYMI IM. ADAMA MICKIEWICZA,gdynia/liceum-ogolnoksztalcace/ii-liceum-ogolnoksztalcace-z-oddzialami-dwujezycznymi-im-adama-mickiewicza-23199,Gdynia,POMORSKIE,44.87,18,53,True
2025,chemistry,rozszerzony,13,019c23d8-a94a-7758-bba6-59d67f1da167,XIX LICEUM OGÓLNOKSZTAŁCĄCE IM. MARIANA MOKWY W GDAŃSKU,gdansk/liceum-ogolnoksztalcace/xix-liceum-ogolnoksztalcace-im-mariana-mokwy-w-gdansku-6954,Gdańsk,POMORSKIE,42.83,21,53,True
2025,chemistry,rozszerzony,14,019c23e6-6337-7693-b82e-ab2a9ded4f58,XVII LICEUM OGÓLNOKSZTAŁCĄCE W GDYNI,gdynia/liceum-ogolnoksztalcace/xvii-liceum-ogolnoksztalcace-w-gdyni-196346,Gdynia,POMORSKIE,42.13,22,53,True
2025,chemistry,rozszerzony,15,019c23e6-684c-7a8a-9df3-393682b13dce,X LICEUM OGÓLNOKSZTAŁCĄCE DWUJĘZYCZNE IM. LECHA BĄDKOWSKIEGO W GDAŃSKU,gdansk/liceum-ogolnoksztalcace/x-liceum-ogolnoksztalcace-dwujezyczne-im-lecha-badkowskiego-w-gdansku-262211,Gdańsk,POMORSKIE,40.78,23,53,True
2025,chemistry,rozszerzony,16,019c23d9-4d0f-7ef0-868b-44892d94e2f2,ZESPÓŁ SZKÓŁ OGÓLNOKSZTAŁCĄCYCH NR 1 IX LICEUM OGÓLNOKSZTAŁCĄCE IM. KRZYSZTOFA KOLBERGERA W GDAŃSKU,gdansk/liceum-ogolnoksztalcace/zespol-szkol-ogolnoksztalcacych-nr-1-ix-liceum-ogolnoksztalcace-im-krzysztofa-kolbergera-w-gdansku-11181,Gdańsk,POMORSKIE,40.56,24,53,True
2025,chemistry,rozszerzony,17,019c23da-8981-7b25-9261-e24d871a0c6d,XIV LICEUM OGÓLNOKSZTAŁCĄCE Z ODDZIAŁAMI DWUJĘZYCZNYMI IM. MIKOŁAJA KOPERNIKA W GDYNI,gdynia/liceum-ogolnoksztalcace/xiv-liceum-ogolnoksztalcace-z-oddzialami-dwujezycznymi-im-mikolaja-kopernika-w-gdyni-18942,Gdynia,POMORSKIE,38.5,26,53,True
2025,chemistry,rozszerzony,18,019c23d8-d32e-7359-a061-3acf1e0b89c3,ZESPÓŁ SZKÓŁ OGÓLNOKSZTAŁCĄCYCH NR 7 VII LICEUM OGÓLNOKSZTAŁCĄCE IM. JÓZEFA WYBICKIEGO W GDAŃSKU,gdansk/liceum-ogolnoksztalcace/zespol-szkol-ogolnoksztalcacych-nr-7-vii-liceum-ogolnoksztalcace-im-jozefa-wybickiego-w-gdansku-7982,Gdańsk,POMORSKIE,25.56,38,53,True
2025,chemistry,rozszerzony,19,019c23d8-a940-7b2e-9a33-c0ed54ec5110,XV LICEUM OGÓLNOKSZTAŁCĄCE Z ODDZIAŁAMI DWUJĘZYCZNYMI IM. ZJEDNOCZONEJ EUROPY W GDAŃSKU,gdansk/liceum-ogolnoksztalcace/xv-liceum-ogolnoksztalcace-z-oddzialami-dwujezycznymi-im-zjednoczonej-europy-w-gdansku-6934,Gdańsk,POMORSKIE,24.73,39,53,True
2025,chemistry,rozszerzony,20,019c23a3-5e8a-7225-b133-a53baf2bca13,IX LICEUM OGÓLNOKSZTAŁCĄCE IM. MARSZAŁKA JÓZEFA PIŁSUDSKIEGO,gdynia/liceum-ogolnoksztalcace/ix-liceum-ogolnoksztalcace-im-marszalka-jozefa-pilsudskiego-3957,Gdynia,POMORSKIE,23.07,40,53,True
2025,chemistry,rozszerzony,21,019c23d9-f4c1-72b6-a67a-da8c66f48adb,CENTRUM KSZTAŁCENIA ZAWODOWEGO I USTAWICZNEGO NR 2 TECHNIKUM NR 8 W GDAŃSKU,gdansk/technikum/centrum-ksztalcenia-zawodowego-i-ustawicznego-nr-2-technikum-nr-8-w-gdansku-15302,Gdańsk,POMORSKIE,22.5,41,53,True
2025,chemistry,rozszerzony,22,019c23db-9e95-7f98-90d3-da4885c55e9f,V LICEUM OGÓLNOKSZTAŁCĄCE IM.PŁK.STANISŁAWA DĄBKA,gdynia/liceum-ogolnoksztalcace/v-liceum-ogolnoksztalcace-im-plk-stanislawa-dabka-25697,Gdynia,POMORSKIE,15.57,45,53,True
2025,chemistry,rozszerzony,23,019c23d9-f4c0-712c-8c74-3454772e219d,ZESPÓŁ SZKÓŁ OGÓLNOKSZTAŁCĄCYCH NR 8 IM. W GDAŃSKU - XIV LICEUM OGÓLNOKSZTAŁCĄCE IM. JANA PAWŁA II,gdansk/liceum-ogolnoksztalcace/zespol-szkol-ogolnoksztalcacych-nr-8-im-w-gdansku-xiv-liceum-ogolnoksztalcace-im-jana-pawla-ii-15300,Gdańsk,POMORSKIE,14.9,47,53,True
2025,chemistry,rozszerzony,24,019c23da-47e6-7a0f-9007-884a441f1b2a,CENTRUM KSZTAŁCENIA ZAWODOWEGO I USTAWICZNEGO NR 2 TECHNIKUM NR 14 W GDAŃSKU,gdansk/technikum/centrum-ksztalcenia-zawodowego-i-ustawicznego-nr-2-technikum-nr-14-w-gdansku-17295,Gdańsk,POMORSKIE,7.8,51,53,True
2025,chemistry,rozszerzony,25,019c23da-7ce6-7b22-ad9a-b52d1abb2924,ZESPÓŁ SZKÓŁ OGÓLNOKSZTAŁCĄCYCH NR 6 - VI LICEUM OGÓLNOKSZTAŁCĄCE W GDAŃSKU,gdansk/liceum-ogolnoksztalcace/zespol-szkol-ogolnoksztalcacych-nr-6-vi-liceum-ogolnoksztalcace-w-gdansku-18579,Gdańsk,POMORSKIE,5.5,52,53,True
2025,chemistry,rozszerzony,26,019c23da-6f34-7ee2-b2af-76fcc5140265,IV LICEUM OGÓLNOKSZTAŁCĄCE Z ODDZIAŁAMI MISTRZOSTWA SPORTOWEGO IM. MARYNARZY WOJSK OCHRONY POGRANICZA W GDAŃSKU,gdansk/liceum-ogolnoksztalcace/iv-liceum-ogolnoksztalcace-z-oddzialami-mistrzostwa-sportowego-im-marynarzy-wojsk-ochrony-pogranicza-w-gdansku-18356,Gdańsk,POMORSKIE,5.2,53,53,True
2026,chemistry,rozszerzony,1,019c23dc-2668-7cf6-9536-25ec03b8c5be,III LICEUM OGÓLNOKSZTAŁCĄCE Z ODDZ. DWUJĘZYCZNYMI IM. MARYNARKI WOJENNEJ RP,gdynia/liceum-ogolnoksztalcace/iii-liceum-ogolnoksztalcace-z-oddz-dwujezycznymi-im-marynarki-wojennej-rp-29583,Gdynia,POMORSKIE,78.61,1,77,True
2026,chemistry,rozszerzony,2,019c23d8-ae37-7bc1-a2a8-f92b0f783fb8,V LICEUM OGÓLNOKSZTAŁCĄCE IM. STEFANA ŻEROMSKIEGO W GDAŃSKU,gdansk/liceum-ogolnoksztalcace/v-liceum-ogolnoksztalcace-im-stefana-zeromskiego-w-gdansku-7051,Gdańsk,POMORSKIE,70.92,2,77,True
2026,chemistry,rozszerzony,3,019c23a3-5615-78cb-abcc-4d7104553fe0,VI LICEUM OGÓLNOKSZTAŁCĄCE IM. WACŁAWA SIERPIŃSKIEGO,gdynia/liceum-ogolnoksztalcace/vi-liceum-ogolnoksztalcace-im-waclawa-sierpinskiego-3640,Gdynia,POMORSKIE,70.1,3,77,True
2026,chemistry,rozszerzony,4,019c23e0-37ae-7ea3-9fbf-da9c7dee8e1a,II LICEUM OGÓLNOKSZTAŁCĄCE IM. DR. WŁADYSŁAWA PNIEWSKIEGO W GDAŃSKU,gdansk/liceum-ogolnoksztalcace/ii-liceum-ogolnoksztalcace-im-dr-wladyslawa-pniewskiego-w-gdansku-74772,Gdańsk,POMORSKIE,67.83,4,77,True
2026,chemistry,rozszerzony,5,019c23d8-cacf-7d04-b631-09a030bf5a2c,I LICEUM OGÓLNOKSZTAŁCĄCE IM. MIKOŁAJA KOPERNIKA W GDAŃSKU,gdansk/liceum-ogolnoksztalcace/i-liceum-ogolnoksztalcace-im-mikolaja-kopernika-w-gdansku-7753,Gdańsk,POMORSKIE,65.79,6,77,True
2026,chemistry,rozszerzony,6,019c23e1-616e-74f1-adca-e1dedd7eaa21,GDAŃSKIE SZKOŁY AUTONOMICZNE GDAŃSKIE LICEUM AUTONOMICZNE,gdansk/liceum-ogolnoksztalcace/gdanskie-szkoly-autonomiczne-gdanskie-liceum-autonomiczne-86002,Gdańsk,POMORSKIE,63.73,8,77,False
2026,chemistry,rozszerzony,7,019c23d8-b1fe-75d8-acac-8d2487fd86af,III LICEUM OGÓLNOKSZTAŁCĄCE Z ODDZIAŁAMI DWUJĘZYCZNYMI IM. BOHATERÓW WESTERPLATTE W GDAŃSKU,gdansk/liceum-ogolnoksztalcace/iii-liceum-ogolnoksztalcace-z-oddzialami-dwujezycznymi-im-bohaterow-westerplatte-w-gdansku-7099,Gdańsk,POMORSKIE,60.93,9,77,True
2026,chemistry,rozszerzony,8,019c23d8-a94a-7758-bba6-59d67f1da167,XIX LICEUM OGÓLNOKSZTAŁCĄCE IM. MARIANA MOKWY W GDAŃSKU,gdansk/liceum-ogolnoksztalcace/xix-liceum-ogolnoksztalcace-im-mariana-mokwy-w-gdansku-6954,Gdańsk,POMORSKIE,60.84,10,77,True
2026,chemistry,rozszerzony,9,019c23e6-684c-7a8a-9df3-393682b13dce,X LICEUM OGÓLNOKSZTAŁCĄCE DWUJĘZYCZNE IM. LECHA BĄDKOWSKIEGO W GDAŃSKU,gdansk/liceum-ogolnoksztalcace/x-liceum-ogolnoksztalcace-dwujezyczne-im-lecha-badkowskiego-w-gdansku-262211,Gdańsk,POMORSKIE,55.09,11,77,True
2026,chemistry,rozszerzony,10,019c23dc-6645-7e40-85b7-27f86cbc5d5e,KATOLICKIE LICEUM OGÓLNOKSZTAŁCĄCE IM. ŚW. JANA PAWŁA II W GDYNI,gdynia/liceum-ogolnoksztalcace/katolickie-liceum-ogolnoksztalcace-im-sw-jana-pawla-ii-w-gdyni-31207,Gdynia,POMORSKIE,54.33,12,77,True
2026,chemistry,rozszerzony,11,019c23d8-a94f-7be1-9898-adc018e38fc9,XX LICEUM OGÓLNOKSZTAŁCĄCE Z ODDZIAŁAMI DWUJĘZYCZNYMI IM. ZBIGNIEWA HERBERTA W GDAŃSKU,gdansk/liceum-ogolnoksztalcace/zespol-szkol-ogolnoksztalcacych-nr-12-xx-liceum-ogolnoksztalcace-z-oddzialami-dwujezycznymi-im-zbigniewa-herberta-w-gdansku-6968,Gdańsk,POMORSKIE,53.67,13,77,True
2026,chemistry,rozszerzony,12,019c23d9-4d0f-7ef0-868b-44892ed81157,VIII LICEUM OGÓLNOKSZTAŁCĄCE IM. KOMISJI EDUKACJI NARODOWEJ W GDAŃSKU,gdansk/liceum-ogolnoksztalcace/viii-liceum-ogolnoksztalcace-im-komisji-edukacji-narodowej-w-gdansku-11182,Gdańsk,POMORSKIE,53.63,14,77,True
2026,chemistry,rozszerzony,13,019c23d9-4d0c-7036-bb0c-c4296cb32b21,ZESPÓŁ SZKÓŁ OGÓLNOKSZTAŁCĄCYCH NR 2 XXIV LICEUM OGÓLNOKSZTAŁCĄCE IM. STEFANA BANACHA W GDAŃSKU,gdansk/liceum-ogolnoksztalcace/zespol-szkol-ogolnoksztalcacych-nr-2-xxiv-liceum-ogolnoksztalcace-im-stefana-banacha-w-gdansku-11174,Gdańsk,POMORSKIE,50.17,19,77,True
2026,chemistry,rozszerzony,14,019c23a3-560a-7f50-9455-d335ba48b0d2,X LICEUM OGÓLNOKSZTAŁCĄCE IM. GDYŃSKICH NAUCZYCIELI BOHATERÓW II WOJNY ŚWIATOWEJ,gdynia/liceum-ogolnoksztalcace/x-liceum-ogolnoksztalcace-im-gdynskich-nauczycieli-bohaterow-ii-wojny-swiatowej-3620,Gdynia,POMORSKIE,49.2,21,77,True
2026,chemistry,rozszerzony,15,019c23d9-4d0f-7ef0-868b-44892d94e2f2,ZESPÓŁ SZKÓŁ OGÓLNOKSZTAŁCĄCYCH NR 1 IX LICEUM OGÓLNOKSZTAŁCĄCE IM. KRZYSZTOFA KOLBERGERA W GDAŃSKU,gdansk/liceum-ogolnoksztalcace/zespol-szkol-ogolnoksztalcacych-nr-1-ix-liceum-ogolnoksztalcace-im-krzysztofa-kolbergera-w-gdansku-11181,Gdańsk,POMORSKIE,48.7,22,77,True
2026,chemistry,rozszerzony,16,019c23db-377c-75c2-9891-7d0c9cfefc2b,II LICEUM OGÓLNOKSZTAŁCĄCE Z ODDZIAŁAMI DWUJĘZYCZNYMI IM. ADAMA MICKIEWICZA,gdynia/liceum-ogolnoksztalcace/ii-liceum-ogolnoksztalcace-z-oddzialami-dwujezycznymi-im-adama-mickiewicza-23199,Gdynia,POMORSKIE,47.91,23,77,True
2026,chemistry,rozszerzony,17,019c23a3-6389-77b0-bbab-b575b9909f02,I AKADEMICKIE LICEUM OGÓLNOKSZTAŁCĄCE IM. ZASŁUŻONYCH LUDZI MORZA,gdynia/liceum-ogolnoksztalcace/i-akademickie-liceum-ogolnoksztalcace-im-zasluzonych-ludzi-morza-4045,Gdynia,POMORSKIE,42.61,28,77,True
2026,chemistry,rozszerzony,18,019c23da-8981-7b25-9261-e24d871a0c6d,XIV LICEUM OGÓLNOKSZTAŁCĄCE Z ODDZIAŁAMI DWUJĘZYCZNYMI IM. MIKOŁAJA KOPERNIKA W GDYNI,gdynia/liceum-ogolnoksztalcace/xiv-liceum-ogolnoksztalcace-z-oddzialami-dwujezycznymi-im-mikolaja-kopernika-w-gdyni-18942,Gdynia,POMORSKIE,42.51,29,77,True
2026,chemistry,rozszerzony,19,019c23e6-6337-7693-b82e-ab2a9ded4f58,XVII LICEUM OGÓLNOKSZTAŁCĄCE W GDYNI,gdynia/liceum-ogolnoksztalcace/xvii-liceum-ogolnoksztalcace-w-gdyni-196346,Gdynia,POMORSKIE,38.64,33,77,True
2026,chemistry,rozszerzony,20,019c23e7-3b1a-78e7-bed0-bd667639e560,UNIWERSYTECKIE LICEUM OGÓLNOKSZTAŁCĄCE Z ODDZIAŁAMI DWUJĘZYCZNYMI IM. PAWŁA ADAMOWICZA W GDAŃSKU,gdansk/liceum-ogolnoksztalcace/uniwersyteckie-liceum-ogolnoksztalcace-z-oddzialami-dwujezycznymi-im-pawla-adamowicza-w-gdansku-271870,Gdańsk,POMORSKIE,36.74,35,77,True
2026,chemistry,rozszerzony,21,019c23a3-5e8a-7225-b133-a53baf2bca13,IX LICEUM OGÓLNOKSZTAŁCĄCE IM. MARSZAŁKA JÓZEFA PIŁSUDSKIEGO,gdynia/liceum-ogolnoksztalcace/ix-liceum-ogolnoksztalcace-im-marszalka-jozefa-pilsudskiego-3957,Gdynia,POMORSKIE,33.42,40,77,True
2026,chemistry,rozszerzony,22,019c23d8-d32e-7359-a061-3acf1e0b89c3,ZESPÓŁ SZKÓŁ OGÓLNOKSZTAŁCĄCYCH NR 7 VII LICEUM OGÓLNOKSZTAŁCĄCE IM. JÓZEFA WYBICKIEGO W GDAŃSKU,gdansk/liceum-ogolnoksztalcace/zespol-szkol-ogolnoksztalcacych-nr-7-vii-liceum-ogolnoksztalcace-im-jozefa-wybickiego-w-gdansku-7982,Gdańsk,POMORSKIE,32.13,42,77,True
2026,chemistry,rozszerzony,23,019c23d8-a940-7b2e-9a33-c0ed54ec5110,XV LICEUM OGÓLNOKSZTAŁCĄCE Z ODDZIAŁAMI DWUJĘZYCZNYMI IM. ZJEDNOCZONEJ EUROPY W GDAŃSKU,gdansk/liceum-ogolnoksztalcace/xv-liceum-ogolnoksztalcace-z-oddzialami-dwujezycznymi-im-zjednoczonej-europy-w-gdansku-6934,Gdańsk,POMORSKIE,29.25,46,77,True
2026,chemistry,rozszerzony,24,019c23e7-18e9-7469-9435-95a635c036bc,CHRZEŚCIJAŃSKIE AUTORSKIE LICEUM OGÓLNOKSZTAŁCĄCE,gdansk/liceum-ogolnoksztalcace/chrzescijanskie-autorskie-liceum-ogolnoksztalcace-269593,Gdańsk,POMORSKIE,28.75,47,77,False
2026,chemistry,rozszerzony,25,019c23d9-f4c0-712c-8c74-3454772e219d,ZESPÓŁ SZKÓŁ OGÓLNOKSZTAŁCĄCYCH NR 8 IM. W GDAŃSKU - XIV LICEUM OGÓLNOKSZTAŁCĄCE IM. JANA PAWŁA II,gdansk/liceum-ogolnoksztalcace/zespol-szkol-ogolnoksztalcacych-nr-8-im-w-gdansku-xiv-liceum-ogolnoksztalcace-im-jana-pawla-ii-15300,Gdańsk,POMORSKIE,27.21,50,77,True
2026,chemistry,rozszerzony,26,019c23db-9e95-7f98-90d3-da4885c55e9f,V LICEUM OGÓLNOKSZTAŁCĄCE IM.PŁK.STANISŁAWA DĄBKA,gdynia/liceum-ogolnoksztalcace/v-liceum-ogolnoksztalcace-im-plk-stanislawa-dabka-25697,Gdynia,POMORSKIE,26.71,51,77,True
2026,chemistry,rozszerzony,27,019c23dd-3a9d-76f5-830d-79a0b5935977,"AKADEMICKIE LICEUM OGÓLNOKSZTAŁCĄCE ""LINGWISTA"" IM. HYMNU NARODOWEGO",gdansk/liceum-ogolnoksztalcace/akademickie-liceum-ogolnoksztalcace-lingwista-im-hymnu-narodowego-43407,Gdańsk,POMORSKIE,25.75,55,77,False
2026,chemistry,rozszerzony,28,019c23da-7ce6-7b22-ad9a-b52d1abb2924,ZESPÓŁ SZKÓŁ OGÓLNOKSZTAŁCĄCYCH NR 6 - VI LICEUM OGÓLNOKSZTAŁCĄCE W GDAŃSKU,gdansk/liceum-ogolnoksztalcace/zespol-szkol-ogolnoksztalcacych-nr-6-vi-liceum-ogolnoksztalcace-w-gdansku-18579,Gdańsk,POMORSKIE,22.68,57,77,True
2026,chemistry,rozszerzony,29,019c23e5-9b3e-7375-ab89-0c42445bd725,LICEUM OGÓLNOKSZTAŁCĄCE TEB EDUKACJA W GDYNI,gdynia/liceum-ogolnoksztalcace/liceum-ogolnoksztalcace-teb-edukacja-w-gdyni-129601,Gdynia,POMORSKIE,21.6,60,77,False
2026,chemistry,rozszerzony,30,019c23da-6f34-7ee2-b2af-76fcc5140265,IV LICEUM OGÓLNOKSZTAŁCĄCE Z ODDZIAŁAMI MISTRZOSTWA SPORTOWEGO IM. MARYNARZY WOJSK OCHRONY POGRANICZA W GDAŃSKU,gdansk/liceum-ogolnoksztalcace/iv-liceum-ogolnoksztalcace-z-oddzialami-mistrzostwa-sportowego-im-marynarzy-wojsk-ochrony-pogranicza-w-gdansku-18356,Gdańsk,POMORSKIE,19.25,63,77,True
2026,chemistry,rozszerzony,31,019c23d9-f4c1-72b6-a67a-da8c66f48adb,CENTRUM KSZTAŁCENIA ZAWODOWEGO I USTAWICZNEGO NR 2 TECHNIKUM NR 8 W GDAŃSKU,gdansk/technikum/centrum-ksztalcenia-zawodowego-i-ustawicznego-nr-2-technikum-nr-8-w-gdansku-15302,Gdańsk,POMORSKIE,16.27,66,77,True
2026,chemistry,rozszerzony,32,019c23e3-d406-7379-b05b-2ca3c6d4ac12,LICEUM OGÓLNOKSZTAŁCĄCE TEB EDUKACJA W GDAŃSKU,gdansk/liceum-ogolnoksztalcace/liceum-ogolnoksztalcace-teb-edukacja-w-gdansku-115485,Gdańsk,POMORSKIE,16.17,67,77,False
2026,chemistry,rozszerzony,33,019c23da-a9b0-7934-a348-c175b55badc8,TECHNIKUM TEB EDUKACJA W GDYNI,gdynia/technikum/technikum-teb-edukacja-w-gdyni-19685,Gdynia,POMORSKIE,13.17,68,77,False
2026,chemistry,rozszerzony,34,019c23da-47e6-7a0f-9007-884a441f1b2a,CENTRUM KSZTAŁCENIA ZAWODOWEGO I USTAWICZNEGO NR 2 TECHNIKUM NR 14 W GDAŃSKU,gdansk/technikum/centrum-ksztalcenia-zawodowego-i-ustawicznego-nr-2-technikum-nr-14-w-gdansku-17295,Gdańsk,POMORSKIE,11.85,70,77,True
2026,chemistry,rozszerzony,35,019c23d9-6673-780a-b5ca-50d0fb5aeca4,TECHNIKUM TEB EDUKACJA W GDAŃSKU,gdansk/technikum/technikum-teb-edukacja-w-gdansku-11821,Gdańsk,POMORSKIE,6.8,73,77,False
